candidate_id,rank,final_score,risk_adjusted_score,calibrated_final_score,evidence_confidence_score,career_depth_score,jd_constraint_match_score,negative_constraint_penalty,calibrated_hireability_score,top10_readiness_score,calibration_bonus,calibration_penalty,honeypot_risk_score,honeypot_penalty,risk_level,disqualified,risk_flags,jd_relevance_score,must_have_skill_score,proof_alignment_score,retrieval_ranking_evidence_score,evaluation_evidence_score,production_evidence_score,hireability_score,penalty_score,strict_rerank_applied,reasoning
CAND_0002025,1,0.522460,0.444460,0.348960,0.5094,0.8875,0.5,0.1,0.7515,0.4323,0.0045,0.1,0.26,0.078,medium,False,stale_activity_signal|unsupported_required_skill,0.44,0.5028,0.2741,1.0,0.75,1.0,0.7887,0,True,"Evidence-based match: supported evidence for QLoRA, Recommendation Systems, Embeddings, Ranking; retrieval/ranking work; evaluation practice; production deployment. Concern: limited proof for Python, Machine Learning, NLP; risk flags: stale activity signal, unsupported required skill; calibration constraints: missing must have skill."
CAND_0001610,2,0.433118,0.355118,0.260018,0.5359,0.925,0.5,0.1,0.6544,0.4204,0.0049,0.1,0.26,0.078,medium,False,stale_activity_signal|unsupported_required_skill,0.3767,0.4917,0.3308,1.0,0.5,0.5,0.714,0,True,"Evidence-based match: supported evidence for FAISS, Machine Learning, Embeddings, Retrieval; retrieval/ranking work; evaluation practice; production deployment. Concern: limited proof for Python, NLP, LLM; risk flags: stale activity signal, unsupported required skill; calibration constraints: missing must have skill."
CAND_0000031,3,0.339786,0.239786,0.139786,0.4243,0.85,0.3333,0.1,0.7667,0.2031,0.0,0.1,0.49,0.1,medium,False,many_claimed_skills_weak_evidence|stale_activity_signal|unsupported_required_skill,0.3569,0.4361,0.2,1.0,0.25,0.25,0.7953,0,True,"Evidence-based match: supported evidence for Machine Learning, Ranking, Recommendation Systems, NLP; retrieval/ranking work; evaluation practice; production deployment. Concern: limited proof for Python, LLM, RAG; risk flags: many claimed skills weak evidence, stale activity signal; calibration constraints: missing must have skill."
CAND_0001638,4,0.355327,0.277327,0.127327,0.5526,0.8875,0.1667,0.15,0.6196,0.2255,0.0,0.15,0.26,0.078,medium,False,stale_activity_signal|unsupported_required_skill,0.2677,0.2639,0.46,0.25,0.0,1.0,0.664,0,True,"Evidence-based match: supported evidence for FastAPI, Python, Machine Learning, APIs; retrieval/ranking work; production deployment. Concern: limited proof for NLP, LLM, RAG; risk flags: stale activity signal, unsupported required skill; calibration constraints: missing must have skill, no evaluation evidence."
CAND_0004962,5,0.355302,0.277302,0.127302,0.4621,0.85,0.1667,0.15,0.4595,0.1617,0.0,0.15,0.26,0.078,medium,False,stale_activity_signal|unsupported_required_skill,0.2848,0.2944,0.3154,0.75,0.0,1.0,0.5047,0,True,"Evidence-based match: supported evidence for PostgreSQL, Python, Machine Learning, APIs; retrieval/ranking work; production deployment. Concern: limited proof for NLP, LLM, RAG; risk flags: stale activity signal, unsupported required skill; calibration constraints: missing must have skill, no evaluation evidence."
CAND_0001189,6,0.354662,0.276662,0.126662,0.5211,0.5472,0.1667,0.15,0.6099,0.2459,0.0,0.15,0.26,0.078,medium,False,stale_activity_signal|unsupported_required_skill,0.1829,0.0611,0.4308,0.75,0.0,0.75,0.6527,0,False,"Evidence-based match: supported evidence for PostgreSQL, APIs, Backend, Frontend; retrieval/ranking work; production deployment. Concern: limited proof for Python, Machine Learning, NLP; risk flags: stale activity signal, unsupported required skill; calibration constraints: missing must have skill, no evaluation evidence."
CAND_0003641,7,0.353614,0.275614,0.125614,0.4427,0.85,0.1667,0.15,0.5653,0.1529,0.0,0.15,0.26,0.078,medium,False,stale_activity_signal|unsupported_required_skill,0.2772,0.2944,0.28,0.75,0.0,1.0,0.6093,0,True,"Evidence-based match: supported evidence for Python, Machine Learning, SQL, APIs; retrieval/ranking work; production deployment. Concern: limited proof for NLP, LLM, RAG; risk flags: stale activity signal, unsupported required skill; calibration constraints: missing must have skill, no evaluation evidence."
CAND_0002604,8,0.353527,0.275527,0.125527,0.5301,0.8125,0.1667,0.15,0.5177,0.2176,0.0,0.15,0.26,0.078,medium,False,stale_activity_signal|unsupported_required_skill,0.2478,0.2333,0.4286,0.5,0.0,1.0,0.61,0,True,"Evidence-based match: supported evidence for Python, Machine Learning, SQL, APIs; retrieval/ranking work; production deployment. Concern: limited proof for NLP, LLM, RAG; risk flags: stale activity signal, unsupported required skill; calibration constraints: missing must have skill, no evaluation evidence."
CAND_0001548,9,0.353495,0.275495,0.125495,0.5792,0.7356,0.0,0.15,0.4787,0.2386,0.0,0.15,0.26,0.078,medium,False,stale_activity_signal|unsupported_required_skill,0.1881,0.0611,0.5125,0.25,0.0,1.0,0.4987,0,False,"Evidence-based match: supported evidence for Node.js, Microservices, APIs, Backend; retrieval/ranking work; production deployment. Concern: limited proof for Python, Machine Learning, NLP; risk flags: stale activity signal, unsupported required skill; calibration constraints: missing must have skill, no evaluation evidence."
CAND_0003589,10,0.350671,0.272671,0.122671,0.5685,0.8125,0.0,0.15,0.5745,0.2313,0.0,0.15,0.26,0.078,medium,False,stale_activity_signal|unsupported_required_skill,0.1721,0.0306,0.4833,0.25,0.0,1.0,0.6447,0,False,"Evidence-based match: supported evidence for CI/CD, APIs, Backend, Frontend; retrieval/ranking work; production deployment. Concern: limited proof for Python, Machine Learning, NLP; risk flags: stale activity signal, unsupported required skill; calibration constraints: missing must have skill, no evaluation evidence."
CAND_0002083,11,0.349995,0.271995,0.121995,0.7044,0.8125,0.0,0.15,0.4514,0.3407,0.0,0.15,0.26,0.078,medium,False,stale_activity_signal|unsupported_required_skill,0.1917,0.0611,0.7,0.25,0.0,1.0,0.4907,0,True,"Evidence-based match: supported evidence for Spring Boot, React, CI/CD, APIs; retrieval/ranking work; production deployment. Concern: limited proof for Python, Machine Learning, NLP; risk flags: stale activity signal, unsupported required skill; calibration constraints: missing must have skill, no evaluation evidence."
CAND_0003420,12,0.349350,0.271350,0.121350,0.5576,0.8875,0.1667,0.15,0.6726,0.2038,0.0,0.15,0.26,0.078,medium,False,stale_activity_signal|unsupported_required_skill,0.2298,0.2028,0.4842,0.25,0.0,1.0,0.7527,0,True,"Evidence-based match: supported evidence for FastAPI, Python, Machine Learning, APIs; retrieval/ranking work; production deployment. Concern: limited proof for NLP, LLM, RAG; risk flags: stale activity signal, unsupported required skill; calibration constraints: missing must have skill, no evaluation evidence."
CAND_0004972,13,0.347839,0.269839,0.119839,0.4476,0.6697,0.0,0.15,0.5313,0.1332,0.0,0.15,0.26,0.078,medium,False,stale_activity_signal|unsupported_required_skill,0.3125,0.3556,0.312,0.75,0.0,0.75,0.57,0,True,"Evidence-based match: supported evidence for PyTorch, Feature Engineering, Machine Learning, NLP; retrieval/ranking work; production deployment. Concern: limited proof for Python, LLM, RAG; risk flags: stale activity signal, unsupported required skill; calibration constraints: missing must have skill, no evaluation evidence."
CAND_0002512,14,0.345702,0.267702,0.117702,0.6939,0.8875,0.0,0.15,0.4577,0.3336,0.0,0.15,0.26,0.078,medium,False,stale_activity_signal|unsupported_required_skill,0.1894,0.0611,0.6714,0.25,0.0,1.0,0.5347,0,True,"Evidence-based match: supported evidence for Terraform, AWS, Kubernetes, APIs; retrieval/ranking work; production deployment. Concern: limited proof for Python, Machine Learning, NLP; risk flags: stale activity signal, unsupported required skill; calibration constraints: missing must have skill, no evaluation evidence."
CAND_0000665,15,0.345561,0.267561,0.117561,0.5022,0.85,0.1667,0.15,0.5429,0.1799,0.0,0.15,0.26,0.078,medium,False,stale_activity_signal|unsupported_required_skill,0.2486,0.2083,0.3882,0.5,0.0,0.5,0.622,0,False,"Evidence-based match: supported evidence for Machine Learning, Backend, Spark, Kafka; retrieval/ranking work; production deployment. Concern: limited proof for Python, NLP, LLM; risk flags: stale activity signal, unsupported required skill; calibration constraints: missing must have skill, no evaluation evidence."
CAND_0002295,16,0.345476,0.267476,0.117476,0.6187,0.85,0.0,0.15,0.5476,0.205,0.0,0.15,0.26,0.078,medium,False,stale_activity_signal|unsupported_required_skill,0.2148,0.1472,0.6,0.0,0.0,0.5,0.6233,0,False,"Evidence-based match: supported evidence for Data Science, Snowflake, Machine Learning, SQL; production deployment. Concern: limited proof for Python, NLP, LLM; risk flags: stale activity signal, unsupported required skill; calibration constraints: missing must have skill, no evaluation evidence."
CAND_0001878,17,0.344934,0.266934,0.116934,0.5883,0.85,0.0,0.15,0.5983,0.2869,0.0,0.15,0.26,0.078,medium,False,stale_activity_signal|unsupported_required_skill,0.2149,0.1222,0.4842,0.5,0.0,1.0,0.658,0,True,"Evidence-based match: supported evidence for Kubernetes, Terraform, React, AWS; retrieval/ranking work; production deployment. Concern: limited proof for Python, Machine Learning, NLP; risk flags: stale activity signal, unsupported required skill; calibration constraints: missing must have skill, no evaluation evidence."
CAND_0004028,18,0.344794,0.266794,0.116794,0.6647,0.85,0.0,0.15,0.6966,0.2737,0.0,0.15,0.26,0.078,medium,False,stale_activity_signal|unsupported_required_skill,0.2064,0.0917,0.6533,0.25,0.0,0.75,0.8013,0,True,"Evidence-based match: supported evidence for Webpack, PostgreSQL, Spring Boot, APIs; retrieval/ranking work; production deployment. Concern: limited proof for Python, Machine Learning, NLP; risk flags: stale activity signal, unsupported required skill; calibration constraints: missing must have skill, no evaluation evidence."
CAND_0001001,19,0.343537,0.265537,0.115537,0.4712,0.7833,0.0,0.15,0.517,0.1164,0.0,0.15,0.26,0.078,medium,False,stale_activity_signal|unsupported_required_skill,0.235,0.1778,0.3556,0.25,0.25,0.75,0.6033,0,False,"Evidence-based match: supported evidence for Machine Learning, SQL, Backend, Airflow; retrieval/ranking work; evaluation practice; production deployment. Concern: limited proof for Python, NLP, LLM; risk flags: stale activity signal, unsupported required skill; calibration constraints: missing must have skill, no evaluation evidence."
CAND_0000386,20,0.343474,0.265474,0.115474,0.6589,0.85,0.0,0.15,0.666,0.3189,0.0,0.15,0.26,0.078,medium,False,stale_activity_signal|unsupported_required_skill,0.1788,0.0306,0.6125,0.25,0.0,1.0,0.776,0,True,"Evidence-based match: supported evidence for Node.js, Terraform, AWS, Kubernetes; retrieval/ranking work; production deployment. Concern: limited proof for Python, Machine Learning, NLP; risk flags: stale activity signal, unsupported required skill; calibration constraints: missing must have skill, no evaluation evidence."
CAND_0000612,21,0.342102,0.264102,0.114102,0.6101,0.775,0.0,0.15,0.5512,0.2513,0.0,0.15,0.26,0.078,medium,False,stale_activity_signal|unsupported_required_skill,0.1724,0.0306,0.5636,0.25,0.0,0.75,0.6073,0,False,"Evidence-based match: supported evidence for PostgreSQL, APIs, Backend, Frontend; retrieval/ranking work; production deployment. Concern: limited proof for Python, Machine Learning, NLP; risk flags: stale activity signal, unsupported required skill; calibration constraints: missing must have skill, no evaluation evidence."
CAND_0003980,22,0.341871,0.263871,0.113871,0.4633,0.5781,0.0,0.15,0.5473,0.215,0.0,0.15,0.26,0.078,medium,False,stale_activity_signal|unsupported_required_skill,0.198,0.0917,0.3067,0.5,0.0,1.0,0.6487,0,False,"Evidence-based match: supported evidence for AWS, Kubernetes, Java; retrieval/ranking work; production deployment. Concern: limited proof for Python, Machine Learning, NLP; risk flags: stale activity signal, unsupported required skill; calibration constraints: missing must have skill, no evaluation evidence."
CAND_0003074,23,0.341822,0.263822,0.113822,0.5079,0.8194,0.0,0.15,0.5682,0.2275,0.0,0.15,0.26,0.078,medium,False,stale_activity_signal|unsupported_required_skill,0.2031,0.0917,0.3571,0.25,0.0,1.0,0.672,0,False,"Evidence-based match: supported evidence for AWS, Kubernetes, Java; retrieval/ranking work; production deployment. Concern: limited proof for Python, Machine Learning, NLP; risk flags: stale activity signal, unsupported required skill; calibration constraints: missing must have skill, no evaluation evidence."
CAND_0000981,24,0.341595,0.263595,0.113595,0.4336,0.6631,0.1667,0.15,0.4615,0.181,0.0,0.15,0.26,0.078,medium,False,stale_activity_signal|unsupported_required_skill,0.3136,0.3806,0.2727,0.5,0.0,0.3333,0.5307,0,False,"Evidence-based match: supported evidence for Machine Learning, Ranking, NLP, PyTorch; retrieval/ranking work; production deployment. Concern: limited proof for Python, LLM, RAG; risk flags: stale activity signal, unsupported required skill; calibration constraints: missing must have skill, no evaluation evidence."
CAND_0002197,25,0.341292,0.263292,0.113292,0.586,0.85,0.0,0.15,0.455,0.2859,0.0,0.15,0.26,0.078,medium,False,stale_activity_signal|unsupported_required_skill,0.1787,0.0306,0.48,0.25,0.0,1.0,0.5427,0,False,"Evidence-based match: supported evidence for AWS, Kubernetes, Backend, Frontend; retrieval/ranking work; production deployment. Concern: limited proof for Python, Machine Learning, NLP; risk flags: stale activity signal, unsupported required skill; calibration constraints: missing must have skill, no evaluation evidence."
CAND_0002936,26,0.340381,0.262381,0.112381,0.5603,0.85,0.0,0.15,0.5775,0.2742,0.0,0.15,0.26,0.078,medium,False,stale_activity_signal|unsupported_required_skill,0.1769,0.0306,0.4333,0.25,0.0,1.0,0.6547,0,False,"Evidence-based match: supported evidence for AWS, Kubernetes, Backend, Java; retrieval/ranking work; production deployment. Concern: limited proof for Python, Machine Learning, NLP; risk flags: stale activity signal, unsupported required skill; calibration constraints: missing must have skill, no evaluation evidence."
CAND_0000190,27,0.339703,0.261703,0.111703,0.4693,0.7841,0.1667,0.15,0.4723,0.1671,0.0,0.15,0.26,0.078,medium,False,stale_activity_signal|unsupported_required_skill,0.2217,0.1778,0.3368,0.25,0.0,1.0,0.4827,0,False,"Evidence-based match: supported evidence for Python, SQL, APIs, Backend; retrieval/ranking work; production deployment. Concern: limited proof for Machine Learning, NLP, LLM; risk flags: stale activity signal, unsupported required skill; calibration constraints: missing must have skill, no evaluation evidence."
CAND_0000980,28,0.338918,0.260918,0.110918,0.6108,0.85,0.0,0.15,0.5378,0.2971,0.0,0.15,0.26,0.078,medium,False,stale_activity_signal|unsupported_required_skill,0.203,0.0917,0.525,0.5,0.0,1.0,0.5667,0,True,"Evidence-based match: supported evidence for Spring Boot, AWS, Kubernetes, APIs; retrieval/ranking work; production deployment. Concern: limited proof for Python, Machine Learning, NLP; risk flags: stale activity signal, unsupported required skill; calibration constraints: missing must have skill, no evaluation evidence."
CAND_0001493,29,0.338689,0.260689,0.110689,0.469,0.7196,0.1667,0.15,0.6391,0.169,0.0,0.15,0.26,0.078,medium,False,stale_activity_signal|unsupported_required_skill,0.2123,0.1472,0.3444,0.0,0.0,1.0,0.7007,0,False,"Evidence-based match: supported evidence for dbt, Python, SQL, APIs; production deployment. Concern: limited proof for Machine Learning, NLP, LLM; risk flags: stale activity signal, unsupported required skill; calibration constraints: missing must have skill, no evaluation evidence."
CAND_0002368,30,0.338650,0.260650,0.110650,0.5632,0.7822,0.0,0.15,0.5834,0.2777,0.0,0.15,0.26,0.078,medium,False,stale_activity_signal|unsupported_required_skill,0.1693,0.0306,0.4471,0.25,0.0,1.0,0.622,0,False,"Evidence-based match: supported evidence for TypeScript, AWS, Kubernetes, Backend; retrieval/ranking work; production deployment. Concern: limited proof for Python, Machine Learning, NLP; risk flags: stale activity signal, unsupported required skill; calibration constraints: missing must have skill, no evaluation evidence."
CAND_0000348,31,0.338421,0.260421,0.110421,0.6327,0.8125,0.0,0.15,0.4047,0.2604,0.0,0.15,0.26,0.078,medium,False,stale_activity_signal|unsupported_required_skill,0.1746,0.0306,0.6,0.25,0.0,0.75,0.474,0,False,"Evidence-based match: supported evidence for PostgreSQL, APIs, Backend, Frontend; retrieval/ranking work; production deployment. Concern: limited proof for Python, Machine Learning, NLP; risk flags: stale activity signal, unsupported required skill; calibration constraints: missing must have skill, no evaluation evidence."
CAND_0003864,32,0.338304,0.260304,0.110304,0.5752,0.8875,0.0,0.15,0.5379,0.2798,0.0,0.15,0.26,0.078,medium,False,stale_activity_signal|unsupported_required_skill,0.1698,0.0306,0.4556,0.25,0.0,1.0,0.596,0,False,"Evidence-based match: supported evidence for AWS, Webpack, Kubernetes, Backend; retrieval/ranking work; production deployment. Concern: limited proof for Python, Machine Learning, NLP; risk flags: stale activity signal, unsupported required skill; calibration constraints: missing must have skill, no evaluation evidence."
CAND_0001580,33,0.338026,0.260026,0.110026,0.599,0.7666,0.0,0.15,0.3575,0.2944,0.0,0.15,0.26,0.078,medium,False,stale_activity_signal|unsupported_required_skill,0.1686,0.0306,0.5143,0.25,0.0,1.0,0.4493,0,False,"Evidence-based match: supported evidence for AWS, Kubernetes, Backend, Frontend; retrieval/ranking work; production deployment. Concern: limited proof for Python, Machine Learning, NLP; risk flags: stale activity signal, unsupported required skill; calibration constraints: missing must have skill, no evaluation evidence."
CAND_0002440,34,0.337996,0.259996,0.109996,0.542,0.85,0.0,0.15,0.5496,0.2659,0.0,0.15,0.26,0.078,medium,False,stale_activity_signal|unsupported_required_skill,0.1912,0.0611,0.4,0.25,0.0,1.0,0.6173,0,False,"Evidence-based match: supported evidence for AWS, Kubernetes, Backend, Java; retrieval/ranking work; production deployment. Concern: limited proof for Python, Machine Learning, NLP; risk flags: stale activity signal, unsupported required skill; calibration constraints: missing must have skill, no evaluation evidence."
CAND_0004122,35,0.337945,0.259945,0.109945,0.5878,0.85,0.0,0.15,0.4588,0.2867,0.0,0.15,0.26,0.078,medium,False,stale_activity_signal|unsupported_required_skill,0.1742,0.0306,0.4833,0.25,0.0,1.0,0.512,0,False,"Evidence-based match: supported evidence for AWS, Kubernetes, Backend, Frontend; retrieval/ranking work; production deployment. Concern: limited proof for Python, Machine Learning, NLP; risk flags: stale activity signal, unsupported required skill; calibration constraints: missing must have skill, no evaluation evidence."
CAND_0004768,36,0.337832,0.259832,0.109832,0.5054,0.5781,0.1667,0.15,0.5651,0.2618,0.0,0.15,0.26,0.078,medium,False,stale_activity_signal|unsupported_required_skill,0.1811,0.0611,0.3833,0.25,0.0,1.0,0.6827,0,False,"Evidence-based match: supported evidence for AWS, Kubernetes, Frontend; retrieval/ranking work; production deployment. Concern: limited proof for Python, Machine Learning, NLP; risk flags: stale activity signal, unsupported required skill; calibration constraints: missing must have skill, no evaluation evidence."
CAND_0002827,37,0.337753,0.259753,0.109753,0.506,0.8125,0.0,0.15,0.555,0.1551,0.0,0.15,0.26,0.078,medium,False,stale_activity_signal|unsupported_required_skill,0.1875,0.0611,0.4,0.25,0.0,1.0,0.624,0,False,"Evidence-based match: supported evidence for Webpack, Backend, Frontend, React; retrieval/ranking work; production deployment. Concern: limited proof for Python, Machine Learning, NLP; risk flags: stale activity signal, unsupported required skill; calibration constraints: missing must have skill, no evaluation evidence."
CAND_0002034,38,0.337746,0.259746,0.109746,0.5071,0.7466,0.0,0.15,0.7103,0.2055,0.0,0.15,0.26,0.078,medium,False,stale_activity_signal|unsupported_required_skill,0.1881,0.0611,0.38,0.5,0.0,0.75,0.76,0,False,"Evidence-based match: supported evidence for APIs, Backend, Frontend; retrieval/ranking work; production deployment. Concern: limited proof for Python, Machine Learning, NLP; risk flags: stale activity signal, unsupported required skill; calibration constraints: missing must have skill, no evaluation evidence."
CAND_0003534,39,0.337560,0.259560,0.109560,0.5063,0.7775,0.0,0.15,0.5032,0.2521,0.0,0.15,0.26,0.078,medium,False,stale_activity_signal|unsupported_required_skill,0.2164,0.1222,0.3444,0.25,0.0,1.0,0.5667,0,False,"Evidence-based match: supported evidence for Kubernetes, CI/CD, AWS, Backend; retrieval/ranking work; production deployment. Concern: limited proof for Python, Machine Learning, NLP; risk flags: stale activity signal, unsupported required skill; calibration constraints: missing must have skill, no evaluation evidence."
CAND_0000364,40,0.337021,0.259021,0.109021,0.5685,0.8125,0.0,0.15,0.412,0.2313,0.0,0.15,0.26,0.078,medium,False,stale_activity_signal|unsupported_required_skill,0.174,0.0306,0.4833,0.25,0.0,1.0,0.5033,0,False,"Evidence-based match: supported evidence for CI/CD, APIs, Backend, Frontend; retrieval/ranking work; production deployment. Concern: limited proof for Python, Machine Learning, NLP; risk flags: stale activity signal, unsupported required skill; calibration constraints: missing must have skill, no evaluation evidence."
CAND_0001345,41,0.336820,0.258820,0.108820,0.5646,0.7378,0.0,0.15,0.7011,0.2319,0.0,0.15,0.26,0.078,medium,False,stale_activity_signal|unsupported_required_skill,0.1708,0.0306,0.4857,0.25,0.0,0.75,0.7533,0,False,"Evidence-based match: supported evidence for PostgreSQL, Java, APIs, Backend; retrieval/ranking work; production deployment. Concern: limited proof for Python, Machine Learning, NLP; risk flags: stale activity signal, unsupported required skill; calibration constraints: missing must have skill, no evaluation evidence."
CAND_0004014,42,0.336445,0.258445,0.108445,0.6071,0.8125,0.0,0.15,0.298,0.2966,0.0,0.15,0.26,0.078,medium,False,stale_activity_signal|unsupported_required_skill,0.1772,0.0306,0.5231,0.25,0.0,1.0,0.39,0,False,"Evidence-based match: supported evidence for AWS, Kubernetes, APIs, Backend; retrieval/ranking work; production deployment. Concern: limited proof for Python, Machine Learning, NLP; risk flags: stale activity signal, unsupported required skill; calibration constraints: missing must have skill, no evaluation evidence."
CAND_0002116,43,0.336280,0.258280,0.108280,0.5293,0.7396,0.0,0.15,0.5354,0.1441,0.0,0.15,0.26,0.078,medium,False,stale_activity_signal|unsupported_required_skill,0.2126,0.1472,0.4667,0.0,0.0,0.75,0.62,0,False,"Evidence-based match: supported evidence for Machine Learning, Backend, Spark, Kafka; production deployment. Concern: limited proof for Python, NLP, LLM; risk flags: stale activity signal, unsupported required skill; calibration constraints: missing must have skill, no evaluation evidence."
CAND_0000422,44,0.336250,0.258250,0.108250,0.4894,0.7375,0.1667,0.15,0.6686,0.2039,0.0,0.15,0.26,0.078,medium,False,stale_activity_signal|unsupported_required_skill,0.2653,0.2889,0.3647,0.25,0.0,0.3333,0.714,0,False,"Evidence-based match: supported evidence for Machine Learning, Ranking, NLP, PyTorch; retrieval/ranking work; production deployment. Concern: limited proof for Python, LLM, RAG; risk flags: stale activity signal, unsupported required skill; calibration constraints: missing must have skill, no evaluation evidence."
CAND_0001967,45,0.335925,0.257925,0.107925,0.5721,0.8875,0.0,0.15,0.4609,0.2784,0.0,0.15,0.26,0.078,medium,False,stale_activity_signal|unsupported_required_skill,0.187,0.0611,0.45,0.25,0.0,1.0,0.482,0,False,"Evidence-based match: supported evidence for Terraform, AWS, Kubernetes, Backend; retrieval/ranking work; production deployment. Concern: limited proof for Python, Machine Learning, NLP; risk flags: stale activity signal, unsupported required skill; calibration constraints: missing must have skill, no evaluation evidence."
CAND_0003653,46,0.335529,0.257529,0.107529,0.583,0.7819,0.0,0.15,0.4547,0.2867,0.0,0.15,0.26,0.078,medium,False,stale_activity_signal|unsupported_required_skill,0.1662,0.0306,0.4833,0.25,0.0,1.0,0.508,0,False,"Evidence-based match: supported evidence for CI/CD, AWS, Kubernetes, Backend; retrieval/ranking work; production deployment. Concern: limited proof for Python, Machine Learning, NLP; risk flags: stale activity signal, unsupported required skill; calibration constraints: missing must have skill, no evaluation evidence."
CAND_0001656,47,0.335377,0.257377,0.107377,0.6127,0.8125,0.0,0.15,0.4291,0.2513,0.0,0.15,0.26,0.078,medium,False,stale_activity_signal|unsupported_required_skill,0.1727,0.0306,0.5636,0.25,0.0,0.75,0.5393,0,False,"Evidence-based match: supported evidence for APIs, Backend, Frontend, Java; retrieval/ranking work; production deployment. Concern: limited proof for Python, Machine Learning, NLP; risk flags: stale activity signal, unsupported required skill; calibration constraints: missing must have skill, no evaluation evidence."
CAND_0001609,48,0.335302,0.257302,0.107302,0.5284,0.8125,0.0,0.15,0.493,0.2609,0.0,0.15,0.26,0.078,medium,False,stale_activity_signal|unsupported_required_skill,0.1933,0.0917,0.38,0.25,0.0,1.0,0.574,0,False,"Evidence-based match: supported evidence for CI/CD, AWS, Kubernetes, Backend; retrieval/ranking work; production deployment. Concern: limited proof for Python, Machine Learning, NLP; risk flags: stale activity signal, unsupported required skill; calibration constraints: missing must have skill, no evaluation evidence."
CAND_0000866,49,0.334931,0.256931,0.106931,0.5558,0.85,0.0,0.15,0.4345,0.2722,0.0,0.15,0.26,0.078,medium,False,stale_activity_signal|unsupported_required_skill,0.1872,0.0611,0.425,0.25,0.0,1.0,0.534,0,False,"Evidence-based match: supported evidence for Java, AWS, Kubernetes, Backend; retrieval/ranking work; production deployment. Concern: limited proof for Python, Machine Learning, NLP; risk flags: stale activity signal, unsupported required skill; calibration constraints: missing must have skill, no evaluation evidence."
CAND_0001789,50,0.334928,0.256928,0.106928,0.5155,0.7709,0.0,0.15,0.4534,0.2564,0.0,0.15,0.26,0.078,medium,False,stale_activity_signal|unsupported_required_skill,0.2164,0.1222,0.3619,0.25,0.0,1.0,0.4967,0,False,"Evidence-based match: supported evidence for Spring Boot, AWS, Kubernetes, Backend; retrieval/ranking work; production deployment. Concern: limited proof for Python, Machine Learning, NLP; risk flags: stale activity signal, unsupported required skill; calibration constraints: missing must have skill, no evaluation evidence."
CAND_0000993,51,0.334927,0.256927,0.106927,0.5085,0.7156,0.0,0.15,0.5606,0.2311,0.0,0.15,0.26,0.078,medium,False,stale_activity_signal|unsupported_required_skill,0.1888,0.0611,0.3714,0.25,0.0,1.0,0.664,0,False,"Evidence-based match: supported evidence for APIs, Backend, Frontend, Java; retrieval/ranking work; production deployment. Concern: limited proof for Python, Machine Learning, NLP; risk flags: stale activity signal, unsupported required skill; calibration constraints: missing must have skill, no evaluation evidence."
CAND_0000742,52,0.334913,0.256913,0.106913,0.5813,0.8875,0.0,0.15,0.508,0.2825,0.0,0.15,0.26,0.078,medium,False,stale_activity_signal|unsupported_required_skill,0.2239,0.1222,0.4667,0.5,0.0,1.0,0.5827,0,True,"Evidence-based match: supported evidence for TypeScript, Go, AWS, Kubernetes; retrieval/ranking work; production deployment. Concern: limited proof for Python, Machine Learning, NLP; risk flags: stale activity signal, unsupported required skill; calibration constraints: missing must have skill, no evaluation evidence."
CAND_0002554,53,0.334599,0.256599,0.106599,0.4919,0.815,0.0,0.15,0.425,0.2204,0.0,0.15,0.26,0.078,medium,False,stale_activity_signal|unsupported_required_skill,0.2035,0.0917,0.3286,0.5,0.0,1.0,0.5073,0,False,"Evidence-based match: supported evidence for AWS, Kubernetes, Java; retrieval/ranking work; production deployment. Concern: limited proof for Python, Machine Learning, NLP; risk flags: stale activity signal, unsupported required skill; calibration constraints: missing must have skill, no evaluation evidence."
CAND_0001337,54,0.334598,0.256598,0.106598,0.4999,0.7553,0.3333,0.15,0.5395,0.2335,0.0,0.15,0.26,0.078,medium,False,stale_activity_signal|unsupported_required_skill,0.2426,0.2333,0.381,0.5,0.0,1.0,0.592,0,True,"Evidence-based match: supported evidence for Python, Machine Learning, APIs, Backend; retrieval/ranking work; production deployment. Concern: limited proof for NLP, LLM, RAG; risk flags: stale activity signal, unsupported required skill; calibration constraints: missing must have skill, no evaluation evidence."
CAND_0004075,55,0.334419,0.256419,0.106419,0.4988,0.8125,0.0,0.15,0.4439,0.2475,0.0,0.15,0.26,0.078,medium,False,stale_activity_signal|unsupported_required_skill,0.1987,0.0917,0.3263,0.5,0.0,1.0,0.5233,0,False,"Evidence-based match: supported evidence for CI/CD, AWS, Kubernetes, Backend; retrieval/ranking work; production deployment. Concern: limited proof for Python, Machine Learning, NLP; risk flags: stale activity signal, unsupported required skill; calibration constraints: missing must have skill, no evaluation evidence."
CAND_0001302,56,0.334299,0.256299,0.106299,0.4621,0.7375,0.1667,0.15,0.7255,0.2155,0.0,0.15,0.26,0.078,medium,False,stale_activity_signal|unsupported_required_skill,0.2428,0.2333,0.3,0.5,0.0,1.0,0.806,0,True,"Evidence-based match: supported evidence for Computer Vision, scikit-learn, Machine Learning, Ranking; retrieval/ranking work; production deployment. Concern: limited proof for Python, NLP, LLM; risk flags: stale activity signal, unsupported required skill; calibration constraints: missing must have skill, no evaluation evidence."
CAND_0002738,57,0.334275,0.256275,0.106275,0.5829,0.8875,0.0,0.15,0.6376,0.2833,0.0,0.15,0.26,0.078,medium,False,stale_activity_signal|unsupported_required_skill,0.2021,0.0917,0.4696,0.5,0.0,1.0,0.6753,0,True,"Evidence-based match: supported evidence for Spring Boot, Java, Terraform, Microservices; retrieval/ranking work; production deployment. Concern: limited proof for Python, Machine Learning, NLP; risk flags: stale activity signal, unsupported required skill; calibration constraints: missing must have skill, no evaluation evidence."
CAND_0001529,58,0.334197,0.256197,0.106197,0.5241,0.7134,0.0,0.15,0.6297,0.2382,0.0,0.15,0.26,0.078,medium,False,stale_activity_signal|unsupported_required_skill,0.1705,0.0306,0.4,0.25,0.0,1.0,0.692,0,False,"Evidence-based match: supported evidence for APIs, Backend, Frontend, Java; retrieval/ranking work; production deployment. Concern: limited proof for Python, Machine Learning, NLP; risk flags: stale activity signal, unsupported required skill; calibration constraints: missing must have skill, no evaluation evidence."
CAND_0000466,59,0.334165,0.256165,0.106165,0.4767,0.775,0.0,0.15,0.4999,0.2148,0.0,0.15,0.26,0.078,medium,False,stale_activity_signal|unsupported_required_skill,0.204,0.0917,0.3059,0.5,0.0,1.0,0.5587,0,False,"Evidence-based match: supported evidence for APIs, Backend, Frontend, Java; retrieval/ranking work; production deployment. Concern: limited proof for Python, Machine Learning, NLP; risk flags: stale activity signal, unsupported required skill; calibration constraints: missing must have skill, no evaluation evidence."
CAND_0001949,60,0.334075,0.256075,0.106075,0.5396,0.8875,0.0,0.15,0.366,0.2637,0.0,0.15,0.26,0.078,medium,False,stale_activity_signal|unsupported_required_skill,0.2184,0.1222,0.3909,0.25,0.0,1.0,0.4107,0,False,"Evidence-based match: supported evidence for Terraform, AWS, Kubernetes, Backend; retrieval/ranking work; production deployment. Concern: limited proof for Python, Machine Learning, NLP; risk flags: stale activity signal, unsupported required skill; calibration constraints: missing must have skill, no evaluation evidence."
CAND_0002567,61,0.334031,0.256031,0.106031,0.5107,0.7597,0.1667,0.15,0.5343,0.2105,0.0,0.15,0.26,0.078,medium,False,stale_activity_signal|unsupported_required_skill,0.1881,0.1417,0.4,0.0,0.0,1.0,0.5867,0,False,"Evidence-based match: supported evidence for Python, Machine Learning, APIs, Backend; production deployment. Concern: limited proof for NLP, LLM, RAG; risk flags: stale activity signal, unsupported required skill; calibration constraints: missing must have skill, no evaluation evidence."
CAND_0000952,62,0.334020,0.256020,0.106020,0.5713,0.85,0.0,0.15,0.5087,0.2792,0.0,0.15,0.26,0.078,medium,False,stale_activity_signal|unsupported_required_skill,0.1717,0.0306,0.4533,0.25,0.0,1.0,0.554,0,False,"Evidence-based match: supported evidence for React, AWS, Kubernetes, Backend; retrieval/ranking work; production deployment. Concern: limited proof for Python, Machine Learning, NLP; risk flags: stale activity signal, unsupported required skill; calibration constraints: missing must have skill, no evaluation evidence."
CAND_0004201,63,0.333900,0.255900,0.105900,0.5865,0.8125,0.0,0.15,0.4247,0.2873,0.0,0.15,0.26,0.078,medium,False,stale_activity_signal|unsupported_required_skill,0.1661,0.0306,0.4857,0.25,0.0,1.0,0.486,0,False,"Evidence-based match: supported evidence for Go, AWS, Kubernetes, Backend; retrieval/ranking work; production deployment. Concern: limited proof for Python, Machine Learning, NLP; risk flags: stale activity signal, unsupported required skill; calibration constraints: missing must have skill, no evaluation evidence."
CAND_0004790,64,0.333687,0.255687,0.105687,0.5499,0.85,0.0,0.15,0.574,0.2695,0.0,0.15,0.26,0.078,medium,False,stale_activity_signal|unsupported_required_skill,0.1723,0.0306,0.4143,0.25,0.0,1.0,0.6467,0,False,"Evidence-based match: supported evidence for Kubernetes, AWS, Backend, Java; retrieval/ranking work; production deployment. Concern: limited proof for Python, Machine Learning, NLP; risk flags: stale activity signal, unsupported required skill; calibration constraints: missing must have skill, no evaluation evidence."
CAND_0003169,65,0.333358,0.255358,0.105358,0.5549,0.85,0.0,0.15,0.435,0.2718,0.0,0.15,0.26,0.078,medium,False,stale_activity_signal|unsupported_required_skill,0.1854,0.0611,0.4235,0.25,0.0,1.0,0.5267,0,False,"Evidence-based match: supported evidence for React, AWS, Kubernetes, Backend; retrieval/ranking work; production deployment. Concern: limited proof for Python, Machine Learning, NLP; risk flags: stale activity signal, unsupported required skill; calibration constraints: missing must have skill, no evaluation evidence."
CAND_0004299,66,0.333342,0.255342,0.105342,0.6179,0.8875,0.0,0.15,0.6695,0.2992,0.0,0.15,0.26,0.078,medium,False,stale_activity_signal|unsupported_required_skill,0.2088,0.0917,0.5333,0.25,0.0,1.0,0.716,0,True,"Evidence-based match: supported evidence for Spring Boot, AWS, Kubernetes, Backend; retrieval/ranking work; production deployment. Concern: limited proof for Python, Machine Learning, NLP; risk flags: stale activity signal, unsupported required skill; calibration constraints: missing must have skill, no evaluation evidence."
CAND_0002619,67,0.333216,0.255216,0.105216,0.5618,0.7422,0.0,0.15,0.668,0.2305,0.0,0.15,0.26,0.078,medium,False,stale_activity_signal|unsupported_required_skill,0.1704,0.0306,0.48,0.25,0.0,0.75,0.7327,0,False,"Evidence-based match: supported evidence for APIs, Backend, Frontend, Java; retrieval/ranking work; production deployment. Concern: limited proof for Python, Machine Learning, NLP; risk flags: stale activity signal, unsupported required skill; calibration constraints: missing must have skill, no evaluation evidence."
CAND_0001313,68,0.333210,0.255210,0.105210,0.4584,0.7356,0.0,0.15,0.4705,0.2077,0.0,0.15,0.26,0.078,medium,False,stale_activity_signal|unsupported_required_skill,0.2153,0.1222,0.2778,0.5,0.0,1.0,0.53,0,False,"Evidence-based match: supported evidence for AWS, Kubernetes, Java; retrieval/ranking work; production deployment. Concern: limited proof for Python, Machine Learning, NLP; risk flags: stale activity signal, unsupported required skill; calibration constraints: missing must have skill, no evaluation evidence."
CAND_0000719,69,0.332969,0.254969,0.104969,0.5157,0.8875,0.0,0.15,0.4323,0.2528,0.0,0.15,0.26,0.078,medium,False,stale_activity_signal|unsupported_required_skill,0.2201,0.1222,0.3474,0.25,0.0,1.0,0.504,0,False,"Evidence-based match: supported evidence for AWS, Kubernetes, Backend, Frontend; retrieval/ranking work; production deployment. Concern: limited proof for Python, Machine Learning, NLP; risk flags: stale activity signal, unsupported required skill; calibration constraints: missing must have skill, no evaluation evidence."
CAND_0003698,70,0.332578,0.254578,0.104578,0.5371,0.7797,0.0,0.15,0.6076,0.2659,0.0,0.15,0.26,0.078,medium,False,stale_activity_signal|unsupported_required_skill,0.1721,0.0306,0.4,0.25,0.0,1.0,0.672,0,False,"Evidence-based match: supported evidence for AWS, Kubernetes, Backend, Java; retrieval/ranking work; production deployment. Concern: limited proof for Python, Machine Learning, NLP; risk flags: stale activity signal, unsupported required skill; calibration constraints: missing must have skill, no evaluation evidence."
CAND_0001128,71,0.332463,0.254463,0.104463,0.5226,0.85,0.0,0.15,0.5949,0.2571,0.0,0.15,0.26,0.078,medium,False,stale_activity_signal|unsupported_required_skill,0.1873,0.0611,0.3647,0.25,0.0,1.0,0.66,0,False,"Evidence-based match: supported evidence for Kubernetes, AWS, Backend, Frontend; retrieval/ranking work; production deployment. Concern: limited proof for Python, Machine Learning, NLP; risk flags: stale activity signal, unsupported required skill; calibration constraints: missing must have skill, no evaluation evidence."
CAND_0000635,72,0.332429,0.254429,0.104429,0.542,0.85,0.0,0.15,0.5136,0.2659,0.0,0.15,0.26,0.078,medium,False,stale_activity_signal|unsupported_required_skill,0.1798,0.0611,0.4,0.25,0.0,1.0,0.59,0,False,"Evidence-based match: supported evidence for Java, AWS, Kubernetes, Backend; retrieval/ranking work; production deployment. Concern: limited proof for Python, Machine Learning, NLP; risk flags: stale activity signal, unsupported required skill; calibration constraints: missing must have skill, no evaluation evidence."
CAND_0000745,73,0.332392,0.254392,0.104392,0.5304,0.85,0.0,0.15,0.5646,0.2607,0.0,0.15,0.26,0.078,medium,False,stale_activity_signal|unsupported_required_skill,0.1888,0.0611,0.3789,0.25,0.0,1.0,0.62,0,False,"Evidence-based match: supported evidence for Terraform, AWS, Kubernetes, APIs; retrieval/ranking work; production deployment. Concern: limited proof for Python, Machine Learning, NLP; risk flags: stale activity signal, unsupported required skill; calibration constraints: missing must have skill, no evaluation evidence."
CAND_0003344,74,0.332365,0.254365,0.104365,0.5258,0.7375,0.0,0.15,0.5972,0.2382,0.0,0.15,0.26,0.078,medium,False,stale_activity_signal|unsupported_required_skill,0.1661,0.0306,0.4,0.25,0.0,1.0,0.6847,0,False,"Evidence-based match: supported evidence for CI/CD, Node.js, APIs, Backend; retrieval/ranking work; production deployment. Concern: limited proof for Python, Machine Learning, NLP; risk flags: stale activity signal, unsupported required skill; calibration constraints: missing must have skill, no evaluation evidence."
CAND_0004636,75,0.332249,0.254249,0.104249,0.5648,0.8125,0.0,0.15,0.4926,0.2774,0.0,0.15,0.26,0.078,medium,False,stale_activity_signal|unsupported_required_skill,0.1771,0.0306,0.4462,0.25,0.0,1.0,0.5407,0,False,"Evidence-based match: supported evidence for Java, APIs, Backend, Frontend; retrieval/ranking work; production deployment. Concern: limited proof for Python, Machine Learning, NLP; risk flags: stale activity signal, unsupported required skill; calibration constraints: missing must have skill, no evaluation evidence."
CAND_0001581,76,0.332248,0.254248,0.104248,0.4608,0.85,0.1667,0.15,0.4435,0.1611,0.0,0.15,0.26,0.078,medium,False,stale_activity_signal|unsupported_required_skill,0.2303,0.2028,0.313,0.0,0.0,1.0,0.5587,0,False,"Evidence-based match: supported evidence for Python, Machine Learning, APIs, Backend; production deployment. Concern: limited proof for NLP, LLM, RAG; risk flags: stale activity signal, unsupported required skill; calibration constraints: missing must have skill, no evaluation evidence."
CAND_0003121,77,0.331959,0.253959,0.103959,0.4797,0.85,0.1667,0.15,0.571,0.1697,0.0,0.15,0.26,0.078,medium,False,stale_activity_signal|unsupported_required_skill,0.2104,0.1472,0.3474,0.0,0.0,1.0,0.6307,0,False,"Evidence-based match: supported evidence for SQL, Python, APIs, Backend; production deployment. Concern: limited proof for Machine Learning, NLP, LLM; risk flags: stale activity signal, unsupported required skill; calibration constraints: missing must have skill, no evaluation evidence."
CAND_0004553,78,0.331886,0.253886,0.103886,0.5394,0.8125,0.0,0.15,0.3457,0.2659,0.0,0.15,0.26,0.078,medium,False,stale_activity_signal|unsupported_required_skill,0.1924,0.0611,0.4,0.5,0.0,1.0,0.3907,0,False,"Evidence-based match: supported evidence for AWS, Kubernetes, APIs, Backend; retrieval/ranking work; production deployment. Concern: limited proof for Python, Machine Learning, NLP; risk flags: stale activity signal, unsupported required skill; calibration constraints: missing must have skill, no evaluation evidence."
CAND_0000128,79,0.331570,0.253570,0.103570,0.5541,0.8125,0.0,0.15,0.4792,0.2248,0.0,0.15,0.26,0.078,medium,False,stale_activity_signal|unsupported_required_skill,0.2034,0.0917,0.4571,0.25,0.0,0.75,0.5687,0,False,"Evidence-based match: supported evidence for Node.js, PostgreSQL, Go, APIs; retrieval/ranking work; production deployment. Concern: limited proof for Python, Machine Learning, NLP; risk flags: stale activity signal, unsupported required skill; calibration constraints: missing must have skill, no evaluation evidence."
CAND_0002360,80,0.331207,0.253207,0.103207,0.5794,0.8875,0.0,0.15,0.4594,0.2817,0.0,0.15,0.26,0.078,medium,False,stale_activity_signal|unsupported_required_skill,0.1757,0.0306,0.4632,0.25,0.0,1.0,0.4913,0,False,"Evidence-based match: supported evidence for AWS, Kubernetes, APIs, Backend; retrieval/ranking work; production deployment. Concern: limited proof for Python, Machine Learning, NLP; risk flags: stale activity signal, unsupported required skill; calibration constraints: missing must have skill, no evaluation evidence."
CAND_0000060,81,0.331152,0.253152,0.103152,0.5504,0.8875,0.0,0.15,0.4999,0.2685,0.0,0.15,0.26,0.078,medium,False,stale_activity_signal|unsupported_required_skill,0.1808,0.0611,0.4105,0.25,0.0,1.0,0.5487,0,False,"Evidence-based match: supported evidence for Kafka, Java, AWS, Kubernetes; retrieval/ranking work; production deployment. Concern: limited proof for Python, Machine Learning, NLP; risk flags: stale activity signal, unsupported required skill; calibration constraints: missing must have skill, no evaluation evidence."
CAND_0000116,82,0.331122,0.253122,0.103122,0.5446,0.8875,0.0,0.15,0.5832,0.2659,0.0,0.15,0.26,0.078,medium,False,stale_activity_signal|unsupported_required_skill,0.1813,0.0611,0.4,0.25,0.0,1.0,0.5733,0,False,"Evidence-based match: supported evidence for Redis, AWS, Kubernetes, Backend; retrieval/ranking work; production deployment. Concern: limited proof for Python, Machine Learning, NLP; risk flags: stale activity signal, unsupported required skill; calibration constraints: missing must have skill, no evaluation evidence."
CAND_0003730,83,0.331073,0.253073,0.103073,0.5594,0.85,0.0,0.15,0.7315,0.2738,0.0,0.15,0.26,0.078,medium,False,stale_activity_signal|unsupported_required_skill,0.2019,0.0917,0.4316,0.5,0.0,1.0,0.764,0,True,"Evidence-based match: supported evidence for Kafka, AWS, Kubernetes, APIs; retrieval/ranking work; production deployment. Concern: limited proof for Python, Machine Learning, NLP; risk flags: stale activity signal, unsupported required skill; calibration constraints: missing must have skill, no evaluation evidence."
CAND_0003391,84,0.331049,0.253049,0.103049,0.533,0.8875,0.0,0.15,0.5403,0.2607,0.0,0.15,0.26,0.078,medium,False,stale_activity_signal|unsupported_required_skill,0.1866,0.0611,0.3789,0.25,0.0,1.0,0.612,0,False,"Evidence-based match: supported evidence for Redis, AWS, Kubernetes, Backend; retrieval/ranking work; production deployment. Concern: limited proof for Python, Machine Learning, NLP; risk flags: stale activity signal, unsupported required skill; calibration constraints: missing must have skill, no evaluation evidence."
CAND_0000370,85,0.330716,0.252716,0.102716,0.5134,0.775,0.0,0.15,0.5485,0.2314,0.0,0.15,0.26,0.078,medium,False,stale_activity_signal|unsupported_required_skill,0.188,0.0611,0.3727,0.25,0.0,1.0,0.6207,0,False,"Evidence-based match: supported evidence for Go, Node.js, APIs, Backend; retrieval/ranking work; production deployment. Concern: limited proof for Python, Machine Learning, NLP; risk flags: stale activity signal, unsupported required skill; calibration constraints: missing must have skill, no evaluation evidence."
CAND_0004531,86,0.330534,0.252534,0.102534,0.5155,0.7091,0.0,0.15,0.5946,0.2105,0.0,0.15,0.26,0.078,medium,False,stale_activity_signal|unsupported_required_skill,0.1647,0.0306,0.4,0.25,0.0,1.0,0.67,0,False,"Evidence-based match: supported evidence for CI/CD, APIs, Backend, Frontend; retrieval/ranking work; production deployment. Concern: limited proof for Python, Machine Learning, NLP; risk flags: stale activity signal, unsupported required skill; calibration constraints: missing must have skill, no evaluation evidence."
CAND_0001273,87,0.330384,0.252384,0.102384,0.5643,0.775,0.0,0.15,0.4754,0.2784,0.0,0.15,0.26,0.078,medium,False,stale_activity_signal|unsupported_required_skill,0.1746,0.0306,0.45,0.25,0.0,1.0,0.5187,0,False,"Evidence-based match: supported evidence for APIs, Backend, Frontend, React; retrieval/ranking work; production deployment. Concern: limited proof for Python, Machine Learning, NLP; risk flags: stale activity signal, unsupported required skill; calibration constraints: missing must have skill, no evaluation evidence."
CAND_0004147,88,0.330317,0.252317,0.102317,0.5964,0.8875,0.0,0.15,0.5749,0.2894,0.0,0.15,0.26,0.078,medium,False,stale_activity_signal|unsupported_required_skill,0.1941,0.0611,0.4941,0.5,0.0,1.0,0.648,0,True,"Evidence-based match: supported evidence for Terraform, AWS, Kubernetes, APIs; retrieval/ranking work; production deployment. Concern: limited proof for Python, Machine Learning, NLP; risk flags: stale activity signal, unsupported required skill; calibration constraints: missing must have skill, no evaluation evidence."
CAND_0000903,89,0.330278,0.252278,0.102278,0.5304,0.85,0.0,0.15,0.5964,0.2607,0.0,0.15,0.26,0.078,medium,False,stale_activity_signal|unsupported_required_skill,0.1688,0.0306,0.3789,0.25,0.0,1.0,0.71,0,False,"Evidence-based match: supported evidence for AWS, Kubernetes, Backend, Frontend; retrieval/ranking work; production deployment. Concern: limited proof for Python, Machine Learning, NLP; risk flags: stale activity signal, unsupported required skill; calibration constraints: missing must have skill, no evaluation evidence."
CAND_0000159,90,0.330208,0.252208,0.102208,0.4822,0.8128,0.0,0.15,0.5415,0.2161,0.0,0.15,0.26,0.078,medium,False,stale_activity_signal|unsupported_required_skill,0.182,0.0611,0.3111,0.5,0.0,1.0,0.622,0,False,"Evidence-based match: supported evidence for Terraform, Kubernetes, AWS, Java; retrieval/ranking work; production deployment. Concern: limited proof for Python, Machine Learning, NLP; risk flags: stale activity signal, unsupported required skill; calibration constraints: missing must have skill, no evaluation evidence."
CAND_0002315,91,0.329717,0.251717,0.101717,0.52,0.8125,0.0,0.15,0.598,0.2571,0.0,0.15,0.26,0.078,medium,False,stale_activity_signal|unsupported_required_skill,0.1803,0.0611,0.3647,0.25,0.0,1.0,0.65,0,False,"Evidence-based match: supported evidence for AWS, Kubernetes, APIs, Backend; retrieval/ranking work; production deployment. Concern: limited proof for Python, Machine Learning, NLP; risk flags: stale activity signal, unsupported required skill; calibration constraints: missing must have skill, no evaluation evidence."
CAND_0000457,92,0.329707,0.251707,0.101707,0.5036,0.7731,0.0,0.15,0.4115,0.251,0.0,0.15,0.26,0.078,medium,False,stale_activity_signal|unsupported_required_skill,0.1966,0.0917,0.34,0.5,0.0,1.0,0.4473,0,False,"Evidence-based match: supported evidence for PostgreSQL, AWS, Kubernetes, APIs; retrieval/ranking work; production deployment. Concern: limited proof for Python, Machine Learning, NLP; risk flags: stale activity signal, unsupported required skill; calibration constraints: missing must have skill, no evaluation evidence."
CAND_0000909,93,0.329667,0.251667,0.101667,0.5357,0.775,0.0,0.15,0.363,0.2415,0.0,0.15,0.26,0.078,medium,False,stale_activity_signal|unsupported_required_skill,0.2234,0.1222,0.4133,0.25,0.0,0.8333,0.4647,0,False,"Evidence-based match: supported evidence for APIs, Backend, Frontend, Java; retrieval/ranking work; production deployment. Concern: limited proof for Python, Machine Learning, NLP; risk flags: stale activity signal, unsupported required skill; calibration constraints: missing must have skill, no evaluation evidence."
CAND_0001883,94,0.329643,0.251643,0.101643,0.5696,0.8875,0.0,0.15,0.4486,0.2773,0.0,0.15,0.26,0.078,medium,False,stale_activity_signal|unsupported_required_skill,0.1671,0.0306,0.4455,0.25,0.0,1.0,0.5413,0,False,"Evidence-based match: supported evidence for Microservices, Webpack, AWS, Kubernetes; retrieval/ranking work; production deployment. Concern: limited proof for Python, Machine Learning, NLP; risk flags: stale activity signal, unsupported required skill; calibration constraints: missing must have skill, no evaluation evidence."
CAND_0002909,95,0.329370,0.251370,0.101370,0.5211,0.775,0.0,0.15,0.4907,0.2349,0.0,0.15,0.26,0.078,medium,False,stale_activity_signal|unsupported_required_skill,0.1905,0.0611,0.3867,0.25,0.0,1.0,0.566,0,False,"Evidence-based match: supported evidence for APIs, Backend, Frontend, Java; retrieval/ranking work; production deployment. Concern: limited proof for Python, Machine Learning, NLP; risk flags: stale activity signal, unsupported required skill; calibration constraints: missing must have skill, no evaluation evidence."
CAND_0000206,96,0.329268,0.251268,0.101268,0.5568,0.8125,0.0,0.15,0.3655,0.2738,0.0,0.15,0.26,0.078,medium,False,stale_activity_signal|unsupported_required_skill,0.1905,0.0611,0.4316,0.25,0.0,1.0,0.4527,0,False,"Evidence-based match: supported evidence for Redis, APIs, Backend, Frontend; retrieval/ranking work; production deployment. Concern: limited proof for Python, Machine Learning, NLP; risk flags: stale activity signal, unsupported required skill; calibration constraints: missing must have skill, no evaluation evidence."
CAND_0004448,97,0.329141,0.251141,0.101141,0.4873,0.8125,0.0,0.15,0.5688,0.2423,0.0,0.15,0.26,0.078,medium,False,stale_activity_signal|unsupported_required_skill,0.2044,0.0917,0.3053,0.25,0.0,1.0,0.6713,0,False,"Evidence-based match: supported evidence for Kafka, APIs, Backend, Frontend; retrieval/ranking work; production deployment. Concern: limited proof for Python, Machine Learning, NLP; risk flags: stale activity signal, unsupported required skill; calibration constraints: missing must have skill, no evaluation evidence."
CAND_0003418,98,0.329076,0.251076,0.101076,0.6384,0.775,0.0,0.15,0.5751,0.2881,0.0,0.15,0.26,0.078,medium,False,stale_activity_signal|unsupported_required_skill,0.1748,0.0306,0.6,0.25,0.0,1.0,0.6787,0,True,"Evidence-based match: supported evidence for Spring Boot, CI/CD, APIs, Backend; retrieval/ranking work; production deployment. Concern: limited proof for Python, Machine Learning, NLP; risk flags: stale activity signal, unsupported required skill; calibration constraints: missing must have skill, no evaluation evidence."
CAND_0001115,99,0.328813,0.250813,0.100813,0.5567,0.85,0.0,0.15,0.526,0.2726,0.0,0.15,0.26,0.078,medium,False,stale_activity_signal|unsupported_required_skill,0.1663,0.0306,0.4267,0.25,0.0,1.0,0.582,0,False,"Evidence-based match: supported evidence for AWS, Kubernetes, APIs, Backend; retrieval/ranking work; production deployment. Concern: limited proof for Python, Machine Learning, NLP; risk flags: stale activity signal, unsupported required skill; calibration constraints: missing must have skill, no evaluation evidence."
CAND_0002181,100,0.328704,0.250704,0.100704,0.4763,0.7756,0.0,0.15,0.5076,0.2385,0.0,0.15,0.26,0.078,medium,False,stale_activity_signal|unsupported_required_skill,0.1983,0.0917,0.29,0.5,0.0,1.0,0.558,0,False,"Evidence-based match: supported evidence for AWS, Kubernetes, Backend, Frontend; retrieval/ranking work; production deployment. Concern: limited proof for Python, Machine Learning, NLP; risk flags: stale activity signal, unsupported required skill; calibration constraints: missing must have skill, no evaluation evidence."
